{
	"info": {
		"_postman_id": "b50dbaab-bd5b-41a4-bcfa-91049a385a19",
		"name": "new articles",
		"schema": "https://schema.getpostman.com/json/collection/v2.1.0/collection.json",
		"_exporter_id": "30648783"
	},
	"item": [
		{
			"name": "Article model",
			"item": [
				{
					"name": "get all articles",
					"protocolProfileBehavior": {
						"disableBodyPruning": true
					},
					"request": {
						"method": "GET",
						"header": [],
						"body": {
							"mode": "raw",
							"raw": "",
							"options": {
								"raw": {
									"language": "json"
								}
							}
						},
						"url": {
							"raw": "http://127.0.0.1:8000/articles/",
							"protocol": "http",
							"host": [
								"127",
								"0",
								"0",
								"1"
							],
							"port": "8000",
							"path": [
								"articles",
								""
							]
						}
					},
					"response": []
				},
				{
					"name": "Create a new article",
					"request": {
						"method": "POST",
						"header": [],
						"body": {
							"mode": "raw",
							"raw": "{\r\n    \"title\":\"this is 2nd title\",\r\n    \"description\":\"this is 2nd description\"\r\n}",
							"options": {
								"raw": {
									"language": "json"
								}
							}
						},
						"url": {
							"raw": "http://127.0.0.1:8000/articles/",
							"protocol": "http",
							"host": [
								"127",
								"0",
								"0",
								"1"
							],
							"port": "8000",
							"path": [
								"articles",
								""
							]
						}
					},
					"response": []
				},
				{
					"name": "get article based on id",
					"request": {
						"method": "GET",
						"header": [],
						"url": {
							"raw": "http://127.0.0.1:8000/articles/2/",
							"protocol": "http",
							"host": [
								"127",
								"0",
								"0",
								"1"
							],
							"port": "8000",
							"path": [
								"articles",
								"2",
								""
							]
						}
					},
					"response": []
				},
				{
					"name": "get article based on id Copy",
					"request": {
						"method": "PUT",
						"header": [],
						"body": {
							"mode": "raw",
							"raw": "{\r\n    \"title\": \"this is 2nd title update\",\r\n    \"description\": \"this is 2nd description update\"\r\n}\r\n",
							"options": {
								"raw": {
									"language": "json"
								}
							}
						},
						"url": {
							"raw": "http://127.0.0.1:8000/articles/2/",
							"protocol": "http",
							"host": [
								"127",
								"0",
								"0",
								"1"
							],
							"port": "8000",
							"path": [
								"articles",
								"2",
								""
							]
						}
					},
					"response": []
				},
				{
					"name": "delete article based on id",
					"request": {
						"method": "DELETE",
						"header": [],
						"body": {
							"mode": "raw",
							"raw": "{\r\n    \"title\": \"this is 1st title update\",\r\n    \"description\": \"this is 1st description update\"\r\n}\r\n",
							"options": {
								"raw": {
									"language": "json"
								}
							}
						},
						"url": {
							"raw": "http://127.0.0.1:8000/articles/1/",
							"protocol": "http",
							"host": [
								"127",
								"0",
								"0",
								"1"
							],
							"port": "8000",
							"path": [
								"articles",
								"1",
								""
							]
						}
					},
					"response": []
				}
			]
		}
	]
}