{
	"info": {
		"_postman_id": "a427b7e2-ea01-42ab-ad7c-ced6ee8842ff",
		"name": "shanalearning",
		"schema": "https://schema.getpostman.com/json/collection/v2.1.0/collection.json",
		"_exporter_id": "30648783"
	},
	"item": [
		{
			"name": "apis",
			"item": [
				{
					"name": "New Request",
					"request": {
						"method": "GET",
						"header": [],
						"url": {
							"raw": "http://127.0.0.1:8000/articles/",
							"protocol": "http",
							"host": [
								"127",
								"0",
								"0",
								"1"
							],
							"port": "8000",
							"path": [
								"articles",
								""
							]
						}
					},
					"response": []
				},
				{
					"name": "New Request",
					"request": {
						"method": "GET",
						"header": []
					},
					"response": []
				}
			]
		},
		{
			"name": "trial django",
			"item": [
				{
					"name": "get all article",
					"protocolProfileBehavior": {
						"disableBodyPruning": true
					},
					"request": {
						"method": "GET",
						"header": [],
						"body": {
							"mode": "raw",
							"raw": "{\r\n    \"title\": \"this is 3rd title\",\r\n    \"description\": \"this is 3rd description\"\r\n}",
							"options": {
								"raw": {
									"language": "json"
								}
							}
						},
						"url": {
							"raw": "http://127.0.0.1:8000/api/articles/",
							"protocol": "http",
							"host": [
								"127",
								"0",
								"0",
								"1"
							],
							"port": "8000",
							"path": [
								"api",
								"articles",
								""
							]
						}
					},
					"response": []
				},
				{
					"name": "Create new article",
					"request": {
						"method": "POST",
						"header": [],
						"body": {
							"mode": "raw",
							"raw": "{\r\n    \"title\": \"this is 3rd title\",\r\n    \"description\": \"this is 3rd description\"\r\n}",
							"options": {
								"raw": {
									"language": "json"
								}
							}
						},
						"url": {
							"raw": "http://127.0.0.1:8000/api/articles/",
							"protocol": "http",
							"host": [
								"127",
								"0",
								"0",
								"1"
							],
							"port": "8000",
							"path": [
								"api",
								"articles",
								""
							]
						}
					},
					"response": []
				},
				{
					"name": "get article based on id",
					"request": {
						"method": "GET",
						"header": [],
						"url": {
							"raw": "http://127.0.0.1:8000/api/articles/2/",
							"protocol": "http",
							"host": [
								"127",
								"0",
								"0",
								"1"
							],
							"port": "8000",
							"path": [
								"api",
								"articles",
								"2",
								""
							]
						}
					},
					"response": []
				},
				{
					"name": "update article based on id",
					"request": {
						"method": "PUT",
						"header": [],
						"body": {
							"mode": "raw",
							"raw": "{\r\n    \"title\": \"this is updated title\",\r\n    \"description\": \"this is updated description\"\r\n}",
							"options": {
								"raw": {
									"language": "json"
								}
							}
						},
						"url": {
							"raw": "http://127.0.0.1:8000/api/articles/1/",
							"protocol": "http",
							"host": [
								"127",
								"0",
								"0",
								"1"
							],
							"port": "8000",
							"path": [
								"api",
								"articles",
								"1",
								""
							]
						}
					},
					"response": []
				},
				{
					"name": "Delete article based on id",
					"request": {
						"method": "DELETE",
						"header": [],
						"body": {
							"mode": "raw",
							"raw": "{\r\n    \"title\": \"this is updated title\",\r\n    \"description\": \"this is updated description\"\r\n}",
							"options": {
								"raw": {
									"language": "json"
								}
							}
						},
						"url": {
							"raw": "http://127.0.0.1:8000/api/articles/30/",
							"protocol": "http",
							"host": [
								"127",
								"0",
								"0",
								"1"
							],
							"port": "8000",
							"path": [
								"api",
								"articles",
								"30",
								""
							]
						}
					},
					"response": []
				}
			]
		}
	]
}