{
	"info": {
		"_postman_id": "de08f573-8b02-46cc-a0fa-e8bc3a89b1c6",
		"name": "Naac app",
		"schema": "https://schema.getpostman.com/json/collection/v2.1.0/collection.json",
		"_exporter_id": "30648783"
	},
	"item": [
		{
			"name": "Curriculum Aspect Api",
			"item": [
				{
					"name": "Get All curriculum",
					"request": {
						"method": "GET",
						"header": [],
						"url": {
							"raw": "http://127.0.0.1:8000/curriculum-aspects/",
							"protocol": "http",
							"host": [
								"127",
								"0",
								"0",
								"1"
							],
							"port": "8000",
							"path": [
								"curriculum-aspects",
								""
							]
						}
					},
					"response": []
				},
				{
					"name": "Get based on curriculum Id",
					"request": {
						"method": "GET",
						"header": [],
						"url": {
							"raw": "http://127.0.0.1:8000/curriculum-aspects/1/",
							"protocol": "http",
							"host": [
								"127",
								"0",
								"0",
								"1"
							],
							"port": "8000",
							"path": [
								"curriculum-aspects",
								"1",
								""
							]
						}
					},
					"response": []
				},
				{
					"name": "Post Create new curriculum",
					"request": {
						"method": "POST",
						"header": [],
						"url": {
							"raw": "http://127.0.0.1:8000/curriculum-aspects/",
							"protocol": "http",
							"host": [
								"127",
								"0",
								"0",
								"1"
							],
							"port": "8000",
							"path": [
								"curriculum-aspects",
								""
							]
						}
					},
					"response": []
				},
				{
					"name": "Put update curriculum by Id",
					"request": {
						"method": "PUT",
						"header": [],
						"url": {
							"raw": "http://127.0.0.1:8000/curriculum-aspects/1/",
							"protocol": "http",
							"host": [
								"127",
								"0",
								"0",
								"1"
							],
							"port": "8000",
							"path": [
								"curriculum-aspects",
								"1",
								""
							]
						}
					},
					"response": []
				},
				{
					"name": "Delete Curriculum by ID",
					"request": {
						"method": "DELETE",
						"header": [],
						"url": {
							"raw": "http://127.0.0.1:8000/curriculum-aspects/2/",
							"protocol": "http",
							"host": [
								"127",
								"0",
								"0",
								"1"
							],
							"port": "8000",
							"path": [
								"curriculum-aspects",
								"2",
								""
							]
						}
					},
					"response": []
				}
			]
		}
	]
}